DRUGBANK_ID,MW,RBN,nCIC,nHAcc,nHDon,ALogP,TPSA,SMILES
DB00121,244.311,5,2,3,3,0.17,78.43,
DB00162,286.452,5,1,1,1,6.38,20.23,
DB00166,206.326,5,1,2,1,2.75,37.3,
DB00170,172.18,0,2,2,0,1.91,34.14,
DB00175,424.528,11,2,6,4,2.23,124.29,
DB00176,318.34,10,1,4,1,2.89,56.84,
DB00178,416.511,10,3,5,2,0.92,95.94,
DB00179,302.365,5,2,4,4,3.44,80.92,
DB00180,434.498,2,5,6,2,2.2,93.06,
DB00184,162.232,1,2,2,0,0.87,16.13,
DB00185,199.313,0,3,2,0,1.46,12.47,
DB00186,321.158,1,3,3,2,2.98,61.69,
DB00187,295.374,10,1,4,2,2.02,67.79,
DB00188,384.237,9,2,6,4,0.89,124.44,
DB00192,308.417,6,3,2,2,3.24,55.12,
DB00193,263.375,4,2,3,1,2.71,32.7,
DB00195,307.428,11,2,4,2,3,50.72,
DB00196,306.271,5,3,5,1,0.58,81.65,
DB00197,441.54,5,4,5,2,4.16,84.86,
DB00198,312.404,8,1,4,2,1.3,90.65,
DB00204,441.565,9,2,6,2,2.17,104.81,
DB00205,248.711,2,2,4,2,2.62,77.82,
DB00208,263.786,2,3,1,0,4.25,3.24,
DB00213,383.37,7,3,6,1,2.11,86.33,
DB00214,348.42,4,2,5,3,1.76,100.19,
DB00215,324.392,5,3,3,0,3.58,36.26,
DB00216,382.519,6,4,3,1,3.84,53.17,
DB00217,177.246,2,1,3,2,1.41,36.42,
DB00219,348.5,9,2,2,1,0.2,46.53,
DB00221,239.311,5,1,4,4,0.63,72.72,
DB00223,410.452,2,4,5,3,1.91,94.83,
DB00226,213.277,2,2,5,2,0.03,82.86,
DB00227,404.54,7,3,3,1,4.11,72.83,
DB00231,300.74,1,3,3,1,2.16,52.9,
DB00232,360.237,2,2,5,2,0.93,109.57,
DB00234,313.397,6,3,4,1,3.06,39.72,
DB00235,211.219,1,2,3,1,1.04,65.78,
DB00236,356.054,4,1,2,0,1.09,40.62,
DB00237,212.246,3,1,3,2,1.7,75.27,
DB00238,266.298,1,4,4,1,1.75,58.12,
DB00240,408.916,2,4,5,3,2.11,94.83,
DB00241,224.256,4,1,3,2,1.47,75.27,
DB00242,285.687,2,3,7,3,-0.12,119.31,
DB00243,427.536,9,3,6,2,2.08,74.27,
DB00245,307.429,4,4,2,0,4.47,12.47,
DB00246,412.936,4,5,4,1,4.64,48.47,
DB00247,353.458,4,4,3,2,2.22,57.5,
DB00250,248.301,2,2,4,2,1.19,86.18,
DB00252,252.268,2,3,2,2,2.26,58.2,
DB00253,344.488,1,4,3,1,3.06,54.37,
DB00255,268.356,4,2,2,2,4.62,40.46,
DB00261,256.088,0,3,3,1,1.95,44.7,
DB00262,214.05,5,0,2,1,1.24,61.77,
DB00263,267.304,2,2,4,2,1.14,98.22,
DB00264,267.364,9,1,4,2,1.8,50.72,
DB00265,203.28,3,1,1,0,2.7,20.31,
DB00268,260.375,7,2,2,1,3.16,32.34,
DB00270,371.387,6,3,5,1,3,103.55,
DB00273,339.362,3,3,8,1,1.29,115.54,
DB00276,393.459,4,4,5,2,4.66,80.32,
DB00280,339.474,8,2,3,1,3.21,59.22,
DB00281,234.337,5,1,2,1,1.81,32.34,
DB00283,343.89,6,3,2,0,5.29,12.47,
DB00285,277.402,5,2,3,1,2.69,32.7,
DB00289,255.355,6,2,2,1,3.95,21.26,
DB00291,304.212,9,1,3,1,3.81,40.54,
DB00292,244.289,5,2,2,0,2.66,44.12,
DB00293,458.488,9,3,9,4,1.65,148.4,
DB00294,324.457,1,4,2,1,3.19,37.3,
DB00295,285.338,0,5,4,2,0.99,52.93,
DB00296,274.401,4,2,2,1,2.91,32.34,
DB00297,288.428,5,2,2,1,3.31,32.34,
DB00298,325.451,4,4,4,0,2.78,37.19,
DB00301,453.872,3,4,5,2,2.69,112.74,
DB00304,310.473,1,4,1,1,4.3,20.23,
DB00306,224.256,4,1,3,2,1.87,75.27,
DB00308,384.576,13,1,4,2,4.72,69.64,
DB00310,338.766,2,3,4,3,1.27,109.49,
DB00312,226.272,4,1,3,2,2.16,75.27,
DB00315,287.357,5,3,2,2,2.25,57.36,
DB00317,446.902,8,4,7,1,4.02,68.74,
DB00318,299.364,1,5,4,1,1.2,41.93,
DB00321,277.403,3,3,1,0,5.1,3.24,
DB00323,273.241,3,2,5,2,2.63,103.35,
DB00324,376.462,1,4,4,2,2.34,74.6,
DB00327,285.338,0,5,4,1,1.69,49.77,
DB00328,357.788,4,3,4,1,4.25,68.53,
DB00330,204.31,9,0,4,4,-0.12,64.52,
DB00333,309.445,7,2,2,0,4.14,20.31,
DB00334,312.432,0,4,4,1,3.61,30.87,
DB00335,266.336,8,1,4,3,0.57,84.58,
DB00336,198.136,3,1,4,2,0.23,126.44,
DB00338,345.416,5,3,5,1,1.66,77.1,
DB00340,309.468,2,4,1,0,5.51,3.24,
DB00341,388.888,8,3,5,1,2.98,53.01,
DB00343,414.518,7,3,4,0,3.09,59.08,
DB00344,263.377,4,3,1,1,4.65,12.03,
DB00346,389.449,8,3,8,2,2.02,111.83,
DB00348,329.228,4,2,5,0,2.06,97.03,
DB00349,300.74,1,3,2,0,2.14,40.62,
DB00350,209.248,1,2,5,2,1.24,95.11,
DB00351,384.516,3,4,3,0,3.71,60.44,
DB00353,339.431,4,4,3,3,1.74,68.36,
DB00357,232.278,2,2,3,2,1.49,72.19,
DB00358,378.312,4,3,3,2,3.1,45.15,
DB00359,250.277,2,2,5,2,0.25,97.97,
DB00363,326.823,0,4,4,1,3.67,30.87,
DB00365,359.395,3,4,6,2,-0.12,72.88,
DB00366,270.369,6,2,3,0,2.9,25.36,
DB00367,312.446,1,4,2,1,3.25,37.3,
DB00370,265.353,0,4,3,0,2.9,19.37,
DB00371,218.25,8,0,2,2,1.06,104.64,
DB00372,399.616,6,4,3,0,5.12,9.72,
DB00373,316.42,7,2,7,2,1.44,79.74,
DB00374,390.513,10,3,5,3,3.53,86.99,
DB00376,301.466,5,3,2,1,4.93,23.47,
DB00377,296.414,1,5,2,0,2.72,23.55,
DB00378,312.446,1,4,2,0,3.27,34.14,
DB00379,179.259,3,1,2,1,2.17,35.25,
DB00381,408.876,10,2,5,2,2.22,99.88,
DB00382,198.264,0,3,2,1,3.13,38.91,
DB00383,344.448,6,3,4,1,2.89,62.13,
DB00384,253.263,1,3,7,3,1.21,129.62,
DB00387,287.44,5,3,2,1,4.13,23.47,
DB00388,167.205,3,1,3,3,-0.69,52.49,
DB00389,186.232,2,1,1,0,0.78,32.78,
DB00391,341.426,6,2,5,2,1.2,101.73,
DB00392,312.472,5,3,2,0,5.75,6.48,
DB00393,418.44,10,2,6,1,3.41,119.68,
DB00395,260.33,9,0,2,2,1.76,90.65,
DB00396,314.462,1,4,2,0,3.58,34.14,
DB00398,464.825,6,3,3,3,4.12,92.35,
DB00400,352.766,3,3,6,0,2.71,71.06,
DB00401,388.414,8,2,5,1,3.63,110.45,
DB00402,388.808,3,4,6,0,0.97,91.76,
DB00404,308.765,1,4,3,0,2.23,43.07,
DB00405,319.239,5,2,2,0,3.63,16.13,
DB00408,327.808,0,4,3,0,3.18,28.07,
DB00409,371.269,6,2,4,1,2.94,50.8,
DB00412,357.427,7,3,5,1,2.95,71.53,
DB00413,211.327,3,2,3,2,2.18,50.94,
DB00414,324.395,3,2,4,2,1.72,92.34,
DB00417,350.39,5,3,5,2,1.78,95.94,
DB00418,238.283,5,1,3,2,2.2,75.27,
DB00420,284.419,4,3,2,0,4.63,6.48,
DB00421,416.573,2,5,3,0,3.1,60.44,
DB00422,233.306,4,2,2,1,1.47,38.33,
DB00423,241.24,7,1,4,2,0.63,91.01,
DB00424,289.369,5,3,3,1,2.19,49.77,
DB00425,307.389,3,3,2,0,3.15,37.61,
DB00427,278.391,4,3,2,0,4.14,16.13,
DB00433,373.943,4,4,3,0,4.67,9.72,
DB00434,287.398,0,4,1,0,5.02,3.24,
DB00436,421.415,4,3,5,3,1.83,118.36,
DB00439,459.55,11,2,6,3,4.15,99.88,
DB00440,290.318,5,2,7,2,1.26,105.51,
DB00443,392.461,2,4,5,3,1.93,94.83,
DB00446,323.129,6,1,5,3,1.15,115.38,
DB00448,369.361,6,3,4,1,2.84,67.87,
DB00449,351.437,9,1,4,2,3.17,84.86,
DB00450,379.427,6,4,3,1,3.93,52.65,
DB00454,247.333,4,2,2,0,2.9,29.54,
DB00455,382.883,2,4,2,0,4.8,42.43,
DB00456,396.438,7,3,5,2,0.63,113.01,
DB00457,383.401,4,4,7,1,1.93,106.95,
DB00458,280.407,4,3,2,0,4.53,6.48,
DB00459,326.429,6,1,3,1,5.2,46.53,
DB00461,228.286,4,2,2,0,3.41,26.3,
DB00464,316.43,11,0,3,0,3.97,66.43,
DB00465,255.269,3,3,3,1,2.66,59.3,
DB00468,324.417,4,4,4,1,2.82,45.59,
DB00469,337.37,2,3,5,2,2.42,99.6,
DB00472,309.326,7,2,2,1,4.09,21.26,
DB00473,261.359,6,2,2,1,3.04,38.33,
DB00474,262.304,5,1,3,1,2.43,66.48,
DB00475,299.755,1,3,3,1,2.01,50.46,
DB00476,297.415,6,3,2,1,4.72,21.26,
DB00477,318.864,4,3,2,0,5.18,6.48,
DB00478,179.302,1,3,1,1,3.28,26.02,
DB00482,381.372,4,3,3,1,3.99,77.98,
DB00484,292.135,1,3,5,2,1.27,62.2,
DB00485,470.326,3,4,5,2,3.19,112.74,
DB00487,333.357,3,3,6,1,0.2,64.09,
DB00488,210.279,3,1,6,0,2.43,48.39,
DB00489,272.364,5,1,4,3,0.85,78.43,
DB00490,385.503,6,4,6,0,1.95,69.64,
DB00494,305.286,5,1,6,2,2.5,130.38,
DB00495,267.241,3,2,6,2,-0.1,108.3,
DB00496,426.55,7,5,3,1,4.35,55.56,
DB00497,315.364,1,5,5,1,1.04,59,
DB00498,222.239,1,3,2,0,3.1,34.14,
DB00499,276.212,4,1,3,1,2.55,74.92,
DB00500,257.284,4,2,3,1,2.81,59.3,
DB00501,252.339,5,1,5,3,0.44,88.89,
DB00502,375.864,6,3,3,1,3.7,40.54,
DB00504,283.408,2,4,2,1,3.91,23.47,
DB00507,307.282,5,2,5,1,2.14,114.11,
DB00508,352.417,5,3,2,0,4.95,6.48,
DB00514,271.404,1,4,2,0,3.75,12.47,
DB00518,265.331,5,2,3,2,3.22,67.01,
DB00519,430.537,10,3,5,2,1.31,95.94,
DB00521,292.373,6,2,4,3,1.05,70.59,
DB00523,300.435,5,1,2,1,5.66,37.3,
DB00524,365.835,2,3,4,2,3.21,92.5,
DB00527,343.463,10,2,4,1,3.79,54.46,
DB00530,393.436,10,3,7,1,3.13,74.73,
DB00531,261.086,5,1,2,1,0.76,41.57,
DB00532,218.252,2,2,2,1,1.64,49.41,
DB00533,314.356,3,3,3,0,2.32,60.44,
DB00540,263.377,3,3,1,1,4.65,12.03,
DB00542,424.49,10,3,5,2,1.14,95.94,
DB00543,313.781,0,4,3,1,2.82,36.86,
DB00547,376.462,2,4,4,2,2.13,74.6,
DB00548,188.221,8,0,4,2,1.37,74.6,
DB00550,170.232,2,1,1,2,1.53,41.13,
DB00553,216.192,1,3,2,0,2.1,48.67,
DB00554,331.346,2,3,5,2,2.2,99.6,
DB00555,256.091,1,2,5,2,1.87,90.71,
DB00557,374.904,8,3,4,1,3.43,35.94,
DB00561,378.507,6,4,3,0,3.65,32.78,
DB00562,431.937,5,3,6,2,2.25,118.69,
DB00563,454.439,9,3,12,5,-0.91,210.54,
DB00564,236.269,0,3,1,1,2.1,46.33,
DB00571,259.343,6,2,3,2,3.03,41.49,
DB00572,289.369,5,3,3,1,2.19,49.77,
DB00573,242.27,4,2,2,1,3.87,46.53,
DB00574,231.257,5,1,1,1,3.3,12.03,
DB00575,230.094,1,2,3,2,2.55,36.42,
DB00576,270.331,2,2,5,2,0.53,97.97,
DB00578,378.4,5,3,6,3,1.13,124.01,
DB00579,284.74,1,4,3,1,2.64,35.83,
DB00580,314.359,3,3,3,1,3.32,86.19,
DB00582,349.31,5,3,5,1,1.65,76.72,
DB00584,376.447,10,2,5,2,0.19,95.94,
DB00585,331.45,10,1,6,2,0.7,83.33,
DB00586,296.149,4,2,3,2,4.98,49.33,
DB00589,338.447,3,4,2,2,2.37,51.37,
DB00590,451.475,4,5,9,1,2.53,112.27,
DB00591,452.488,2,5,6,2,2.47,93.06,
DB00596,428.9,2,4,4,2,2.93,74.6,
DB00598,328.406,8,2,4,4,1.73,95.58,
DB00599,242.338,4,1,2,2,3.05,58.2,
DB00600,200.233,3,2,2,1,3.08,29.46,
DB00601,337.346,4,3,5,1,0.61,71.11,
DB00603,386.524,3,4,3,0,3.42,60.44,
DB00604,465.945,9,3,6,2,2.95,86.05,
DB00605,356.411,4,3,3,1,2.96,54.37,
DB00606,389.878,2,4,5,3,1.32,118.36,
DB00607,414.475,5,4,5,2,3.21,95.94,
DB00608,319.872,8,2,3,1,5.28,28.16,
DB00609,166.243,2,1,1,1,1.88,38.91,
DB00610,167.205,2,1,3,3,-0.59,66.48,
DB00611,327.461,2,5,3,2,3.65,43.7,
DB00612,325.443,12,1,5,2,2.3,59.95,
DB00613,355.861,6,3,4,2,4.83,48.39,
DB00620,394.434,2,4,6,4,0.84,115.06,
DB00621,306.44,0,4,2,1,3.36,46.53,
DB00623,437.522,7,4,4,1,4.4,29.95,
DB00624,288.424,0,4,2,1,2.99,37.3,
DB00625,315.675,3,3,2,1,3.89,38.33,
DB00628,314.723,2,3,4,2,2.68,78.76,
DB00629,231.082,2,1,4,2,2.25,76.76,
DB00631,303.677,2,3,7,3,0.32,119.31,
DB00633,200.28,2,2,1,1,3.28,28.68,
DB00634,214.242,1,1,4,2,0.15,89.26,
DB00635,358.428,2,4,5,2,2.07,91.67,
DB00636,242.699,5,1,2,0,3.99,35.53,
DB00641,418.566,7,3,3,1,4.51,72.83,
DB00642,427.411,9,3,9,6,0.11,186.97,
DB00643,295.293,4,3,4,2,2.95,84.08,
DB00645,289.413,8,2,3,0,4.11,29.54,
DB00647,339.471,9,2,2,0,4.06,29.54,
DB00649,224.213,2,2,4,2,-0.73,78.87,
DB00652,285.424,2,3,2,1,4.44,23.47,
DB00655,270.366,0,4,2,1,4.03,37.3,
DB00656,371.864,5,4,4,0,2.68,42.39,
DB00657,167.291,1,2,1,1,3.13,12.03,
DB00660,221.252,3,2,2,1,1.63,47.56,
DB00662,388.457,10,2,6,1,2.44,69.26,
DB00663,410.458,2,4,5,3,1.91,94.83,
DB00664,280.303,3,2,6,2,0.41,107.2,
DB00665,317.221,3,2,4,1,1.74,95.23,
DB00669,295.4,5,2,3,2,1.17,65.2,
DB00670,351.402,2,4,5,1,1.26,68.78,
DB00672,276.74,3,1,3,2,2.15,75.27,
DB00674,287.353,1,4,4,1,1.39,41.93,
DB00676,212.244,4,2,1,0,3.43,26.3,
DB00677,184.146,4,0,1,0,1.1,35.53,
DB00679,370.575,4,4,2,0,5.93,6.48,
DB00680,427.517,6,4,5,1,3.04,71.11,
DB00682,308.328,4,3,3,1,2.41,63.6,
DB00683,325.767,1,4,2,0,3.89,30.18,
DB00685,416.36,3,5,7,2,0.86,99.76,
DB00687,380.45,2,4,5,3,1.35,94.83,
DB00688,433.495,10,3,6,1,2.17,94.53,
DB00690,387.878,6,3,3,0,3.81,35.91,
DB00692,281.352,4,3,4,2,2.91,47.86,
DB00693,332.306,0,5,3,2,2.64,75.99,
DB00695,330.744,5,2,5,3,2.71,122.63,
DB00697,253.711,1,3,5,2,1.6,62.2,
DB00698,238.159,3,2,5,1,0.03,118.05,
DB00700,414.491,2,6,4,0,1.67,82.2,
DB00704,341.401,2,6,5,2,2.07,70,
DB00705,456.561,5,4,6,3,2.77,110.43,
DB00706,408.512,11,2,6,2,3.05,99.88,
DB00708,386.551,8,3,3,0,3.4,32.78,
DB00711,199.293,2,1,2,0,0.9,26.79,
DB00712,244.261,3,2,2,1,3.57,37.3,
DB00713,401.436,4,4,5,2,2.05,112.74,
DB00714,267.322,0,4,3,2,2.51,43.7,
DB00715,329.365,4,4,4,1,3.1,39.72,
DB00716,371.341,5,3,8,2,2.18,121.21,
DB00717,298.419,0,4,2,1,2.72,37.3,
DB00719,290.402,0,4,2,0,3.67,16.13,
DB00721,236.31,7,1,3,1,2.1,55.56,
DB00723,211.258,4,1,4,2,0.41,64.71,
DB00724,240.304,2,3,3,1,2.83,56.73,
DB00726,294.434,4,3,2,0,4.67,6.48,
DB00730,201.248,1,3,2,1,2.47,41.57,
DB00731,317.429,6,2,3,2,3.59,66.4,
DB00734,410.485,4,5,4,0,3.27,61.94,
DB00735,287.398,5,3,1,0,4.96,3.24,
DB00736,345.416,5,3,5,1,1.66,77.1,
DB00738,340.42,10,2,6,4,1.32,118.2,
DB00740,234.198,2,2,3,1,2.83,48.14,
DB00741,362.46,2,4,5,3,1.79,94.83,
DB00744,236.29,2,2,2,2,2.01,66.56,
DB00745,273.35,5,2,2,1,1.75,60.16,
DB00747,303.353,5,4,4,1,1.4,62.3,
DB00748,290.788,6,2,3,0,3.03,25.36,
DB00749,287.353,4,3,3,2,3.39,62.32,
DB00750,220.311,5,1,2,2,1.87,41.13,
DB00751,249.31,0,4,3,1,2.53,41.62,
DB00754,204.225,2,2,2,1,1.11,49.41,
DB00755,300.442,5,1,2,1,5.66,37.3,
DB00757,324.38,3,5,3,1,2.41,62.4,
DB00758,321.822,4,3,2,0,3.84,29.54,
DB00764,427.361,2,4,4,2,2.81,74.6,
DB00768,337.412,5,3,4,1,3.99,49.77,
DB00770,354.487,13,1,5,3,3.04,94.83,
DB00772,330.358,11,0,2,0,2.67,71.06,
DB00774,331.292,2,2,5,3,0.44,118.36,
DB00775,440.597,13,2,6,3,1.78,104.73,
DB00776,252.268,0,3,2,1,1.76,63.4,
DB00777,340.482,5,3,3,0,4.53,23.55,
DB00779,232.235,2,2,5,1,0.95,70.5,
DB00782,368.489,7,3,1,0,2.66,35.53,
DB00783,272.382,0,4,2,2,3.57,40.46,
DB00784,241.285,3,2,3,2,4.58,49.33,
DB00788,230.259,3,2,3,1,3.29,46.53,
DB00790,368.468,9,2,5,2,0.56,95.94,
DB00791,252.098,5,1,3,2,0.79,61.44,
DB00792,255.358,6,2,3,0,3.05,19.37,
DB00794,218.252,2,2,2,2,0.62,58.2,
DB00795,398.393,5,3,8,3,2.92,141.31,
DB00797,160.216,2,2,2,1,2.05,24.39,
DB00799,351.462,5,3,2,0,5.15,39.19,
DB00800,305.756,1,3,4,4,2.39,72.72,
DB00801,352.738,3,3,2,0,3.52,32.67,
DB00802,416.517,9,3,6,0,2.2,81.05,
DB00804,309.487,8,2,2,0,5.82,29.54,
DB00805,298.383,5,3,5,1,2.15,50.28,
DB00806,278.307,5,2,4,0,0.08,75.51,
DB00807,294.389,10,1,4,1,2.97,64.79,
DB00808,365.835,3,3,4,2,2.52,92.5,
DB00809,284.353,6,2,3,1,1.42,53.43,
DB00810,311.461,5,4,2,1,4.28,23.47,
DB00812,308.374,5,3,2,0,2.81,40.62,
DB00813,336.471,6,3,2,0,4.12,23.55,
DB00814,351.401,2,3,5,2,2.28,99.6,
DB00815,288.379,12,0,3,0,3.86,66.43,
DB00816,211.258,4,1,4,4,-0.32,72.72,
DB00817,294.305,3,3,5,1,1.85,70.5,
DB00818,178.271,2,1,1,1,3.81,20.23,
DB00820,389.404,1,6,4,1,2.36,74.87,
DB00821,273.714,2,3,2,2,4.09,53.09,
DB00822,296.539,7,0,0,0,3.88,6.48,
DB00823,384.509,4,4,2,0,3.99,52.6,
DB00824,194.191,2,2,3,2,0.35,78.09,
DB00827,262.218,2,3,7,1,1.25,88.43,
DB00829,284.74,1,3,2,0,2.63,32.67,
DB00830,177.243,1,2,2,1,1.45,21.26,
DB00831,407.496,5,4,3,0,4.87,9.72,
DB00832,189.21,1,2,2,0,0.61,37.38,
DB00835,319.239,5,2,2,0,3.63,16.13,
DB00838,410.907,2,4,4,2,2.73,74.6,
DB00839,311.4,2,2,4,2,1.4,78.51,
DB00841,301.38,7,2,4,4,2.97,72.72,
DB00842,286.713,1,3,3,2,2.01,61.69,
DB00843,379.492,6,4,4,0,4.14,38.77,
DB00844,357.443,2,6,5,3,2,73.16,
DB00846,436.514,2,5,6,2,2.02,93.06,
DB00848,204.291,1,3,2,0,2.2,15.6,
DB00849,246.262,2,2,3,1,1.95,66.48,
DB00850,403.969,6,4,4,1,4.15,29.95,
DB00852,165.232,3,1,2,2,1,32.26,
DB00853,194.151,1,2,5,1,-1,105.94,
DB00854,257.371,0,4,2,1,3.29,23.47,
DB00856,202.635,4,1,3,2,1.46,49.69,
DB00857,291.43,6,2,1,0,5.51,3.24,
DB00860,360.444,2,4,5,3,1.66,94.83,
DB00861,250.198,2,2,3,2,3.11,57.53,
DB00863,314.4,10,1,5,2,0.79,83.58,
DB00865,239.355,5,2,1,0,3.72,3.24,
DB00867,287.353,6,2,4,4,1.53,72.72,
DB00869,324.44,3,2,5,2,-0.5,106.33,
DB00870,260.308,4,2,3,1,3.16,54.37,
DB00871,225.284,4,1,4,4,0.55,72.72,
DB14596,466.96,7,4,5,1,3.08,99.13,
DB00874,198.216,5,1,4,2,0.76,58.92,
DB00875,434.52,6,4,3,1,4.56,26.71,
DB00876,424.513,10,3,5,2,3.57,92.42,
DB00881,438.516,10,3,5,2,1.39,95.94,
DB00883,236.136,4,2,8,0,0.87,123.2,
DB00885,228.21,1,3,5,1,0.13,87.13,
DB00887,364.416,8,2,5,3,3.44,118.72,
DB00889,312.417,2,4,3,1,2.64,50.16,
DB00890,266.34,3,2,2,2,5.18,40.46,
DB00891,249.289,2,2,4,2,0.84,85.08,
DB00892,308.416,11,1,4,1,3.3,64.79,
DB00894,300.392,0,4,2,0,2.33,43.37,
DB00896,370.533,2,4,3,1,3.64,54.37,
DB00897,343.21,1,4,3,0,2.94,43.07,
DB00899,376.447,9,2,4,0,1.75,76.15,
DB00900,236.227,2,3,6,2,-0.99,88.74,
DB00902,296.43,2,4,2,0,4.56,6.48,
DB00903,303.138,6,1,4,1,3.42,63.6,
DB00904,293.363,2,4,2,0,2.56,39.82,
DB00905,415.566,12,2,4,4,3.41,89.79,
DB00906,375.548,6,3,3,1,4.98,40.54,
DB00907,303.353,5,3,3,0,1.97,55.84,
DB00908,324.417,4,4,4,1,2.82,45.59,
DB00909,212.226,2,2,3,1,0.67,86.19,
DB00913,352.47,7,3,3,1,4.05,55.56,
DB00914,205.26,3,1,5,5,-0.72,97.78,
DB00917,352.465,12,1,5,3,3.31,94.83,
DB00918,335.464,5,3,3,1,2.04,56.41,
DB00920,309.425,0,4,2,0,3.49,20.31,
DB00922,280.285,3,2,6,2,2.69,113.43,
DB00924,275.387,3,3,1,0,4.73,3.24,
DB00925,303.826,8,2,2,0,4.26,12.47,
DB00929,382.534,14,1,4,2,3.88,83.83,
DB00933,386.574,4,4,3,0,3.83,23.55,
DB00934,277.403,4,4,1,1,4.89,12.03,
DB00935,260.375,3,2,3,2,3.7,44.62,
DB00937,205.296,5,1,2,0,2.8,20.31,
DB00938,415.566,16,2,5,4,3.82,81.95,
DB00942,287.44,5,3,2,1,4.15,23.47,
DB00945,180.157,3,1,3,1,1.43,63.6,
DB00946,280.318,3,3,2,1,3.81,46.53,
DB00949,238.24,7,1,2,2,0.56,104.64,
DB00952,335.464,4,3,3,2,2.16,65.2,
DB00953,269.345,5,3,3,1,1.67,49.74,
DB00956,299.364,1,5,4,0,2.13,38.77,
DB00957,369.497,3,4,3,1,3.8,58.89,
DB00959,374.471,2,4,5,3,2.06,94.83,
DB00960,248.321,6,2,3,3,2.17,57.28,
DB00961,246.348,2,2,2,1,2.16,32.34,
DB00962,305.334,3,3,4,0,2,74.29,
DB00963,334.165,4,2,4,2,3,80.39,
DB00964,245.109,1,2,4,3,2.14,62.44,
DB00967,310.821,0,4,2,1,3.48,24.92,
DB00969,294.351,2,4,2,1,1.85,53.92,
DB00972,381.898,3,4,3,0,3.81,35.91,
DB00973,409.425,6,4,3,2,4.14,60.77,
DB00977,296.403,0,4,2,2,3.63,40.46,
DB00978,351.348,3,3,6,2,0,72.88,
DB00979,291.385,7,2,3,1,2.09,49.77,
DB00980,259.343,4,3,2,1,3.03,38.33,
DB00981,275.346,2,3,3,1,1.8,44.81,
DB00982,300.435,5,1,2,1,5.66,37.3,
DB00983,344.405,8,2,5,4,1.91,90.82,
DB00985,469.97,6,4,2,0,0.44,12.47,
DB00989,250.337,5,1,2,0,2.45,32.78,
DB00990,296.403,0,4,2,0,2.67,34.14,
DB00991,293.317,5,3,3,1,3.33,63.33,
DB00993,277.263,3,3,6,1,0.84,118.1,
DB00998,243.304,2,3,2,3,1.2,70.91,
DB01001,239.311,5,1,4,4,0.44,72.72,
DB01002,288.428,5,2,2,1,3.31,32.34,
DB01003,468.366,8,4,11,3,1.84,165.89,
DB01006,285.303,3,3,4,0,1.86,78.29,
DB01007,387.711,6,3,2,0,4.86,27.05,
DB01009,254.281,4,2,3,1,3.29,54.37,
DB01011,226.274,3,2,3,0,2.09,42.85,
DB01013,466.97,5,4,4,1,3.49,80.67,
DB01014,357.317,7,2,8,4,3.37,148.65,
DB01015,253.278,2,2,4,2,0.79,98.22,
DB01018,246.093,2,1,3,3,2.28,78.97,
DB01021,380.656,2,2,5,3,0.86,118.36,
DB01023,384.254,6,2,3,1,4.36,64.63,
DB01024,320.337,6,2,5,2,2.36,93.06,
DB01025,298.293,2,3,5,2,2.76,102.51,
DB01030,421.446,3,5,6,2,1.84,103.2,
DB01031,167.205,2,1,1,1,1.09,52.32,
DB01032,285.359,6,1,4,1,1.52,74.68,
DB01035,235.325,6,1,3,2,1.42,58.36,
DB01036,325.488,7,2,2,1,5.39,23.47,
DB01037,187.286,4,1,1,0,3.08,3.24,
DB01039,360.831,7,2,3,0,4.86,52.6,
DB01041,258.229,1,3,4,1,0.42,83.55,
DB01042,305.2,8,1,4,2,-0.22,66.56,
DB01043,179.302,0,3,1,1,3.31,26.02,
DB01046,390.468,11,2,5,2,2.76,83.83,
DB01048,286.332,4,4,6,3,0.61,101.88,
DB01050,206.281,4,1,2,1,3.5,37.3,
DB01053,334.39,4,3,4,2,1.92,86.71,
DB01054,360.361,7,2,5,1,3.21,110.45,
DB01056,192.257,2,1,2,2,0.55,55.12,
DB01058,312.406,1,4,2,0,2.42,40.62,
DB01061,461.492,5,4,6,4,0.2,148.15,
DB01062,357.486,10,2,3,1,4.36,49.77,
DB01063,411.56,7,4,5,1,3.48,47.02,
DB01064,211.258,4,1,4,4,-0.27,72.72,
DB01065,232.278,4,2,2,2,1.42,54.12,
DB01067,445.535,6,3,6,3,1.83,130.15,
DB01068,315.711,2,3,4,1,2.76,87.28,
DB01069,284.419,3,3,2,0,4.52,6.48,
DB01074,277.488,4,3,1,1,5.87,12.03,
DB01075,255.355,6,2,2,0,3.44,12.47,
DB01079,301.394,7,2,5,4,2.76,85.29,
DB01084,302.414,5,3,4,0,2.91,33.53,
DB01085,208.257,3,2,2,0,1.15,44.12,
DB01086,165.189,3,1,2,1,2.2,52.32,
DB01087,259.347,6,2,4,2,2.76,60.17,
DB01088,360.494,9,2,4,3,4.22,77.76,
DB01095,411.466,8,3,4,3,3.69,82.69,
DB01096,279.335,5,2,5,3,1.54,90.11,
DB01097,270.207,3,2,2,1,2.52,55.13,
DB01101,359.35,7,2,6,3,1.17,120.69,
DB01102,317.38,8,2,5,5,2.08,92.95,
DB01104,306.23,2,3,1,1,5.06,12.03,
DB01105,279.848,5,2,1,0,5.05,3.24,
DB01106,420.528,4,4,4,1,4.56,64.33,
DB01107,183.248,2,1,2,1,0.94,46.17,
DB01108,329.433,0,5,4,2,2.41,76.78,
DB01113,339.385,6,3,5,0,4.19,49.81,
DB01114,274.788,5,2,2,0,3.74,16.13,
DB01115,346.335,6,2,5,1,2.49,110.45,
DB01116,365.512,4,5,1,0,4.4,23.55,
DB01117,366.837,2,4,3,1,4.74,54.37,
DB01119,230.671,0,2,4,1,1.09,58.53,
DB01120,323.411,2,3,4,2,1.52,78.51,
DB01121,178.188,2,1,2,2,0.81,72.19,
DB01123,209.246,0,3,3,2,2.1,64.93,
DB01124,270.348,4,1,3,2,2.04,75.27,
DB01125,252.265,2,3,3,0,2.99,43.37,
DB01127,381.684,6,3,2,0,4.67,27.05,
DB01128,430.373,6,2,5,2,2.7,107.26,
DB01129,359.443,8,3,5,1,2.04,77.1,
DB01131,253.731,2,1,5,5,2.29,83.79,
DB01132,356.439,7,3,4,1,3.17,68.29,
DB01133,318.608,4,1,6,4,0.62,115.06,
DB01136,406.474,10,4,5,3,3.05,75.74,
DB01137,361.368,2,4,7,1,-0.02,73.32,
DB01138,404.482,6,4,3,0,2.92,57.69,
DB01142,279.376,3,3,2,0,4.08,12.47,
DB01144,305.159,2,1,4,2,0.92,120.32,
DB01145,404.482,8,2,8,4,1.38,132.8,
DB01146,281.392,4,3,2,0,3.82,12.47,
DB01147,435.881,4,4,5,2,2.61,112.74,
DB01148,391.46,6,4,4,0,3.65,55.84,
DB01151,266.381,4,3,2,1,4.02,15.27,
DB01154,254.349,5,1,2,2,3.11,58.2,
DB01156,239.741,4,1,2,1,3.28,29.1,
DB01157,369.418,6,3,8,3,2.36,117.54,
DB01161,270.755,7,1,3,1,2.72,55.56,
DB01162,387.433,4,4,8,1,1.12,103.04,
DB01165,361.368,2,4,7,1,-0.02,73.32,
DB01166,369.461,7,4,5,1,3.38,81.93,
DB01168,221.299,5,1,3,3,0.53,53.16,
DB01170,198.309,3,1,4,2,0.89,67.64,
DB01171,268.739,4,2,3,1,1.56,41.57,
DB01173,269.381,6,2,2,0,3.5,12.47,
DB01174,232.235,2,2,3,2,1.4,75.27,
DB01175,324.392,5,3,3,0,3.58,36.26,
DB01176,266.381,3,3,2,0,3.55,6.48,
DB01178,273.736,1,2,3,0,0.84,54.45,
DB01179,414.405,4,5,7,1,2.37,92.68,
DB01181,261.086,5,1,2,1,0.57,41.57,
DB01182,341.444,11,2,4,2,3.1,58.56,
DB01183,327.374,2,5,5,2,1.47,70,
DB01184,425.911,5,5,3,2,3.7,67.92,
DB01185,336.441,0,4,3,2,2.5,57.53,
DB01186,314.488,4,4,1,1,4.17,19.03,
DB01188,207.269,1,2,2,1,2.15,40.54,
DB01190,424.983,7,2,6,4,1.76,102.26,
DB01191,231.257,5,1,1,1,3.3,12.03,
DB01192,301.337,0,5,5,2,1.26,70,
DB01193,336.426,10,1,5,3,1.43,87.66,
DB01195,414.343,9,2,4,2,2.98,59.59,
DB01196,440.403,6,4,2,1,4.97,49.77,
DB01197,217.285,3,1,3,2,1.02,57.61,
DB01198,388.808,3,4,6,0,0.97,91.76,
DB01203,309.401,6,2,5,4,1.23,81.95,
DB01204,444.481,12,3,10,8,0.91,163.18,
DB01205,303.288,3,3,3,0,1.54,64.43,
DB01206,233.695,4,1,2,1,2.62,61.77,
DB01208,392.4,3,4,7,3,-0.07,98.9,
DB01209,245.36,0,3,2,2,3.77,46.25,
DB01210,291.385,6,2,4,2,2.06,58.56,
DB01214,309.401,8,1,4,2,2.13,67.79,
DB01215,294.738,1,4,3,0,1.72,43.07,
DB01216,372.544,2,4,2,2,3.53,58.2,
DB01217,293.366,4,2,4,0,2.31,78.29,
DB01219,314.253,4,3,5,1,1.65,120.73,
DB01221,237.725,2,2,2,1,2.69,29.1,
DB01222,430.534,4,5,6,2,2.42,93.06,
DB01224,383.507,5,4,5,1,2.93,48.3,
DB01227,353.498,9,2,2,0,4.78,29.54,
DB01228,352.47,6,3,3,1,4.29,41.57,
DB01230,176.172,1,2,4,1,0.52,64.68,
DB01231,309.445,6,3,2,1,4.08,23.47,
DB01233,299.796,7,1,4,2,2.18,67.59,
DB01234,392.461,2,4,5,3,1.93,94.83,
DB01237,334.251,6,2,2,0,4.16,12.47,
DB01238,448.385,7,4,4,1,5.21,44.81,
DB01239,315.86,3,3,1,0,5.42,3.24,
DB01240,352.465,10,2,5,3,3.83,86.99,
DB01241,250.333,6,1,3,1,3.61,46.53,
DB01242,314.852,4,3,2,0,5.04,6.48,
DB01244,366.54,10,3,3,0,5.33,15.71,
DB01246,298.446,4,3,2,0,4.82,6.48,
DB01247,231.25,4,2,3,2,1.19,67.16,
DB01250,302.239,4,2,8,4,2.77,139.78,
DB01253,325.405,3,4,3,3,1.53,68.36,
DB01255,263.378,8,1,3,3,1.01,81.14,
DB01260,416.507,2,5,6,2,2.31,93.06,
DB01261,407.314,5,3,4,1,1.95,77.04,
DB01267,426.484,4,5,5,1,2.3,82.17,
DB01268,398.474,7,3,3,3,3.24,77.23,
DB01273,211.262,0,4,3,1,1.39,37.81,
DB01274,344.405,8,2,5,4,1.91,90.82,
DB01275,160.176,1,2,4,2,0.66,63.83,
DB01283,293.721,4,2,3,2,4.56,49.33,
DB01288,303.353,6,2,5,5,1.36,92.95,
DB01297,266.336,7,1,4,3,0.53,70.59,
DB01298,294.33,3,2,5,2,0.51,104.86,
DB01299,310.329,4,2,7,2,0.72,116.43,
DB01320,362.274,5,3,5,3,1.08,116.17,
DB01322,232.275,3,2,2,0,2.74,35.53,
DB01324,439.882,5,2,5,2,2.13,109.57,
DB01325,289.739,2,2,4,3,1.6,101.29,
DB01326,462.503,7,4,8,3,-0.05,150.54,
DB01331,427.452,8,3,6,3,0.22,148.26,
DB01340,417.499,9,3,6,2,-0.2,99.18,
DB01348,466.614,10,3,5,2,1.79,95.94,
DB01351,226.272,4,1,3,2,1.87,75.27,
DB01353,212.246,4,1,3,2,1.65,75.27,
DB01357,310.43,1,4,2,1,3.89,29.46,
DB01359,291.428,7,2,3,2,3.84,41.49,
DB01364,165.232,3,1,2,2,1,32.26,
DB01365,163.259,3,1,1,1,2.54,12.03,
DB01366,290.358,5,2,4,4,1.28,81.59,
DB01367,171.238,2,2,1,1,2.26,12.03,
DB01380,402.481,4,4,5,1,2.35,97.74,
DB01382,309.341,6,2,6,1,1.27,90.41,
DB01392,354.443,2,5,3,2,2.36,65.56,
DB01393,361.819,7,2,4,2,3.97,75.63,
DB01394,399.437,5,3,6,1,1.59,83.09,
DB01395,366.493,0,7,2,0,2.36,43.37,
DB01399,258.226,4,2,4,2,3.44,83.83,
DB01403,328.472,5,3,3,0,4.84,15.71,
DB01406,337.455,0,5,2,1,3.62,46.26,
DB01407,277.19,4,1,3,3,2.94,58.28,
DB01418,353.325,5,3,5,1,2.53,109.42,
DB01420,344.488,3,4,2,0,3.65,43.37,
DB01424,231.294,2,2,3,0,0.94,26.79,
DB01426,326.433,1,6,4,2,1.72,46.94,
DB01428,228.243,3,2,3,1,3.35,46.53,
DB01435,188.226,1,2,2,0,1.18,23.55,
DB01437,217.264,2,2,2,1,1.89,46.17,
DB01438,213.238,2,2,5,2,2.31,89.65,
DB01452,369.411,4,5,4,0,2.3,65.07,
DB01544,313.283,2,3,4,0,2.2,78.49,
DB01551,301.38,1,5,4,1,,41.93,
DB01558,316.153,1,3,3,1,2.09,54.35,
DB01559,318.821,2,3,2,0,3.58,32.67,
DB01579,191.274,1,2,2,0,2.01,12.47,
DB01580,265.348,9,1,4,2,2.44,50.72,
DB01581,264.304,2,2,5,2,0.44,97.97,
DB01582,278.33,2,2,5,2,0.43,97.97,
DB01586,392.572,4,4,4,3,3.01,77.76,
DB01587,368.814,1,4,3,0,2.6,49.85,
DB01588,324.804,3,4,2,0,3.68,32.67,
DB01589,386.794,3,3,1,0,4.76,15.6,
DB01591,362.473,3,5,2,0,3.9,32.78,
DB01595,281.266,2,3,4,1,1.95,87.28,
DB01600,260.308,4,2,3,1,3.22,54.37,
DB01602,465.52,10,3,6,2,1.17,137.26,
DB01603,380.415,5,3,6,2,1.79,105.17,
DB01604,463.547,9,3,5,2,1.43,128.03,
DB01605,439.569,7,3,5,0,3.23,88.51,
DB01607,384.427,5,3,6,3,0.99,124.01,
DB01608,365.492,4,4,4,1,3.78,50.5,
DB01609,373.361,4,4,6,3,4.01,108.47,
DB01611,335.872,9,2,4,2,3.87,48.39,
DB01613,302.11,11,0,12,0,1.68,220.2,
DB01616,281.435,9,2,1,0,5.73,3.24,
DB01618,276.374,3,3,3,1,2.09,45.33,
DB01619,261.361,1,4,1,0,4.04,3.24,
DB01620,240.343,5,2,2,0,2.85,16.13,
DB01624,400.965,5,4,3,1,4.46,26.71,
DB01625,353.521,8,2,1,1,2.27,43.09,
DB01627,406.54,7,2,7,5,0.5,122.49,
DB01628,358.842,3,3,4,0,3.7,59.92,
DB01656,403.207,7,3,4,1,4.47,60.45,
DB01708,288.424,0,4,2,1,3.53,37.3,
DB01718,284.543,15,0,0,0,2.48,0,
DB02266,281.23,4,2,3,2,4.6,49.33,
DB02300,412.605,5,4,3,3,4.63,60.69,
DB02546,264.32,8,1,3,3,1.88,78.43,
DB02659,408.571,4,4,5,4,2.26,97.99,
DB02709,228.247,2,2,3,3,2.57,60.69,
DB02789,316.478,1,4,2,1,4.06,37.3,
DB02925,362.4,5,3,5,2,2.2,109.93,
DB03017,200.318,10,0,2,1,5.13,37.3,
DB03585,324.374,5,3,3,1,2.79,60.85,
DB03619,392.572,4,4,4,3,3.3,77.76,
DB04571,228.243,0,3,1,0,3.26,39.44,
DB04573,288.381,0,4,3,3,2.54,60.69,
DB04574,350.429,2,4,4,1,0.29,80.67,
DB04575,364.52,2,5,2,1,5.19,29.46,
DB04657,235.302,2,2,2,1,1.65,38.33,
DB04743,308.31,4,2,4,1,2.56,101.22,
DB04794,310.392,4,4,1,0,4.92,17.82,
DB04812,301.724,3,3,3,1,4.22,63.33,
DB04816,240.211,0,3,4,2,2.98,74.6,
DB04820,298.34,7,2,4,3,0.65,83.12,
DB04821,238.327,1,3,2,1,2.94,29.26,
DB04822,335.481,13,1,3,0,4.62,38.77,
DB04824,318.323,2,4,3,2,4.41,66.76,
DB04826,286.435,4,3,2,0,4.47,6.48,
DB04832,317.23,4,2,2,0,3.39,16.13,
DB04837,289.8,5,2,2,1,3.51,23.47,
DB04838,276.371,4,2,2,1,3.79,46.53,
DB04839,416.938,3,5,3,0,3.81,60.44,
DB04840,175.23,0,2,3,2,0.58,53.11,
DB04844,317.423,4,3,4,0,3.23,38.77,
DB04846,379.501,10,1,5,3,2.29,90.9,
DB04854,316.375,5,2,5,1,3.8,83.21,
DB04861,405.435,6,4,5,3,2.44,70.95,
DB04864,242.316,0,3,2,2,1.78,55.12,
DB04871,195.69,0,2,1,1,3,12.03,
DB04876,303.399,3,4,4,2,1.12,76.36,
DB04880,248.301,3,2,2,2,1.97,58.2,
DB04890,388.888,8,3,5,1,3.64,62.66,
DB04896,246.354,5,2,2,1,1.72,46.33,
DB04898,473.565,11,3,7,4,1.35,146.35,
DB04908,390.402,5,4,3,1,3.32,38.82,
DB04920,456.316,10,2,4,1,4.98,90.93,
DB04938,378.891,8,3,2,1,5.7,29.46,
DB04946,426.481,8,4,5,0,4.26,64.8,
DB04948,259.132,3,2,3,1,3.31,33.62,
DB04951,185.222,1,2,1,0,2,20.31,
DB04953,303.331,6,2,4,3,3.07,76.38,
DB05013,430.541,4,4,5,3,2.49,104.06,
DB05015,318.35,4,2,4,3,1.83,95.5,
DB05016,284.242,3,3,4,1,2.96,76.22,
DB05039,392.491,6,4,4,4,3.31,81.59,
DB05154,359.257,6,3,6,0,2.8,91.33,
DB05219,251.05,2,3,3,1,2.6,62.48,
DB05245,357.137,2,2,6,1,0.19,95.17,
DB05246,203.237,1,2,2,0,1.46,37.38,
DB05271,315.48,6,3,2,1,5.01,23.47,
DB05294,475.354,6,4,6,1,5.01,59.51,
DB05316,427.564,8,3,3,1,4.19,44.81,
DB05351,369.36,6,3,4,1,2.84,67.87,
DB05541,212.289,5,1,2,1,0.86,63.4,
DB05676,460.5,8,3,8,1,1.79,122.57,
DB05812,349.509,1,5,2,1,5.1,33.12,
DB06016,427.41,5,3,3,1,4.56,38.82,
DB06077,393.506,5,5,4,0,3.87,26.79,
DB06119,267.67,5,2,4,1,0.99,95.92,
DB06147,255.317,2,2,4,2,0.88,85.08,
DB06148,264.365,0,4,2,0,3.52,6.48,
DB06150,310.329,4,2,7,2,1.08,116.43,
DB06152,299.414,7,2,3,3,2.73,52.49,
DB06153,295.44,0,4,1,0,4.7,3.24,
DB06154,316.137,12,0,12,0,1.62,209.48,
DB06174,413.421,4,5,7,0,2,75.69,
DB06193,325.372,6,3,7,4,0.57,123.13,
DB06201,238.194,3,2,3,1,0.95,73.8,
DB06203,339.392,3,3,5,1,0.66,93.67,
DB06204,221.339,5,1,2,1,3.47,23.47,
DB06209,373.441,6,4,3,0,3.67,46.61,
DB06212,448.941,3,4,3,2,4.14,69.64,
DB06216,401.84,2,4,1,0,,12.47,
DB06217,349.471,7,3,5,1,2.74,51.16,
DB06218,250.294,6,1,3,2,0.18,67.43,
DB06228,435.881,5,4,5,1,1.74,88.18,
DB06230,339.435,2,6,4,2,2.24,52.93,
DB06261,215.293,10,0,3,1,1.55,69.39,
DB06268,454.905,5,4,6,1,3.35,107.73,
DB06274,424.533,8,3,5,3,3.25,89.87,
DB06282,388.89,8,3,5,1,2.98,53.01,
DB06288,369.479,7,2,6,2,1.5,101.73,
DB06292,408.873,6,3,6,4,2.52,99.38,
DB06335,315.41,2,5,4,2,0.88,90.35,
DB06403,378.428,7,3,6,1,3.9,81.54,
DB06412,332.484,0,4,3,2,3.17,57.53,
DB06413,273.35,5,2,2,1,1.75,60.16,
DB06414,435.277,4,3,6,2,3.67,120.64,
DB06480,367.87,6,3,5,2,2.09,76.82,
DB06594,243.301,4,2,2,1,2.83,38.33,
DB06603,349.434,7,3,4,4,3.28,80.64,
DB06605,459.497,5,5,5,1,2.22,110.76,
DB06608,463.501,10,3,5,2,5.07,78.63,
DB06626,386.47,5,4,3,2,4.17,70.67,
DB06654,302.349,7,2,3,2,2.59,64.35,
DB06684,441.525,7,5,4,2,4.21,102.29,
DB06691,285.384,7,2,4,0,2.89,28.6,
DB06694,244.375,3,2,2,1,4.68,24.39,
DB06697,298.375,1,4,5,0,3.02,46.15,
DB06700,263.375,4,2,3,2,2.6,43.7,
DB06701,233.306,4,2,2,1,1.47,38.33,
DB06704,275.09,2,1,3,2,1.53,64.4,
DB06707,183.204,2,1,4,4,-0.77,86.71,
DB06710,302.451,0,4,2,1,3.61,37.3,
DB06711,210.274,2,3,2,1,3.44,24.39,
DB06712,385.371,7,2,6,1,2.97,134.24,
DB06713,327.468,1,4,3,2,3.18,52.82,
DB06716,288.277,6,1,4,2,2.23,75.99,
DB06718,328.492,0,5,2,2,4.33,48.91,
DB06725,371.81,2,3,5,2,3.08,99.6,
DB06729,314.362,3,3,4,2,1.59,90.01,
DB06736,354.18,7,2,4,2,4.88,75.63,
DB06742,378.108,3,2,3,3,3.72,58.28,
DB06751,397.507,9,3,5,1,5.35,48.95,
DB06762,245.33,3,1,5,2,2.3,73.1,
DB06764,200.285,1,3,2,1,3.11,24.39,
DB06766,307.389,1,4,3,0,2.09,38.13,
DB06769,358.263,9,2,4,1,3.07,58.36,
DB06771,393.84,3,4,6,2,0.7,86.87,
DB06774,305.412,9,1,3,2,3.8,58.56,
DB06777,392.572,4,4,4,3,3.01,77.76,
DB06780,372.505,4,4,3,0,3.09,60.44,
DB06786,454.96,2,5,5,1,3.31,72.83,
DB06794,311.63,4,1,7,4,0.72,156.59,
DB06797,232.277,8,0,2,2,1.23,104.64,
DB06802,254.284,4,2,3,2,1.53,86.18,
DB06803,327.12,3,2,4,2,4.49,95.15,
DB06807,229.235,3,2,3,2,3.03,72.55,
DB06813,477.473,10,3,11,5,0.1,207.3,
DB06814,331.368,6,3,6,4,1.29,91.18,
DB06817,444.416,6,3,7,3,,150.02,
DB06819,164.201,4,1,2,1,2.29,37.3,
DB06821,280.3,3,2,6,2,0.53,107.2,
DB06826,382.541,15,1,5,3,3.99,94.83,
DB07565,423.202,11,1,7,3,1.34,156.07,
DB07776,222.239,1,3,2,0,3.54,26.3,
DB08439,370.422,4,3,4,1,3.42,89.27,
DB08604,289.542,2,2,1,1,5.53,29.46,
DB08799,265.353,5,3,3,1,3.22,27.63,
DB08801,292.418,5,3,2,0,4.03,16.13,
DB08814,248.157,4,1,3,1,2.4,63.6,
DB08819,452.531,13,2,4,2,4.46,75.99,
DB08824,427.291,6,3,2,0,4.24,29.54,
DB08828,421.297,4,3,4,1,4.22,76.13,
DB08860,421.461,8,4,5,3,3.75,90.65,
DB08864,366.418,5,3,6,2,3.8,97.42,
DB08865,450.337,5,4,5,2,3.82,77.99,
DB08867,433.592,3,5,4,1,4.45,57.61,
DB08868,307.471,12,1,3,3,4,66.48,
DB08872,329.393,9,1,4,2,2.45,101.93,
DB08877,306.365,4,4,4,1,2.94,83.18,
DB08880,270.207,3,1,3,2,2.3,73.12,
DB08883,349.393,3,4,3,0,3.54,56.99,
DB08893,396.506,9,3,5,4,2.2,100.27,
DB08895,312.37,3,3,5,1,1.58,88.91,
DB08899,464.436,4,3,3,1,3.75,76.44,
DB08905,302.408,0,4,3,1,2.57,54.37,
DB08907,444.516,5,4,5,4,3.09,90.15,
DB08910,273.244,1,3,5,2,0.02,109.57,
DB08918,246.348,5,2,2,1,,46.33,
DB08930,419.379,3,4,6,2,0.98,99.18,
DB08933,354.27,2,3,2,0,4.27,41.61,
DB08936,300.826,3,3,2,0,4.16,6.48,
DB08941,301.386,7,2,4,3,2.06,61.72,
DB08942,335.335,2,3,5,2,2.61,112.74,
DB08944,244.382,5,1,2,0,3.44,27.03,
DB08954,325.445,5,3,3,2,3.98,43.7,
DB08964,394.552,13,1,4,2,4.02,83.83,
DB08967,391.55,4,3,4,0,3.47,43.86,
DB08971,376.462,2,4,4,2,2.09,74.6,
DB08976,406.355,8,3,5,3,3.05,91.68,
DB08981,254.281,5,2,3,1,3.07,54.37,
DB08987,276.417,7,1,3,1,3.66,35.83,
DB08988,261.359,4,2,2,0,3.32,29.54,
DB09009,284.374,7,1,4,2,1.9,70.92,
DB09015,358.478,3,4,4,2,2.73,74.6,
DB09016,293.446,4,3,1,0,,3.24,
DB09019,376.13,3,2,2,1,4.08,29.26,
DB09020,361.391,7,3,3,0,4.71,65.49,
DB09038,450.91,6,4,7,4,1.79,108.61,
DB09039,404.551,11,3,6,2,3.79,74.52,
DB09040,348.398,5,3,4,1,1.49,54.18,
DB09042,450.323,6,4,9,2,0.82,152.79,
DB09054,415.432,5,5,6,2,3.03,99.16,
DB09064,289.15,4,2,3,1,3.97,46.53,
DB09068,298.45,3,3,2,1,4.51,15.27,
DB09069,266.341,5,2,5,1,0.85,42.96,
DB09070,312.453,0,4,2,1,2.69,37.3,
DB09071,245.322,4,3,3,1,3.35,41.82,
DB09073,447.533,5,5,8,2,2.12,103.35,
DB09074,434.463,4,5,5,1,2.68,86.63,
DB09078,426.86,6,4,4,3,3.03,115.57,
DB09080,386.448,7,3,6,4,2.02,100.05,
DB09081,366.498,14,1,5,1,4.5,72.83,
DB09084,309.413,7,3,3,0,3.78,30.29,
DB09085,264.369,9,1,3,1,3.54,41.57,
DB09086,164.201,3,1,2,1,2.66,29.46,
DB09088,235.327,6,1,2,0,2.73,29.54,
DB09089,387.476,10,2,5,0,3.94,57.23,
DB09091,378.53,2,4,4,3,2.42,74.6,
DB09095,394.459,2,4,4,2,2.22,74.6,
DB09096,242.227,5,2,2,0,2.75,52.6,
DB09097,395.56,5,3,5,2,2.56,72.88,
DB09101,447.884,7,3,6,2,3.66,87.07,
DB09118,234.295,3,2,3,1,3.01,38.69,
DB09119,296.326,2,3,2,1,1.99,72.63,
DB09120,305.412,9,1,3,2,3.8,58.56,
DB09123,311.425,1,4,3,1,3.37,61.09,
DB09124,340.507,1,4,2,0,4.35,34.14,
DB09128,433.57,7,5,4,1,5.38,44.81,
DB09148,358.444,12,2,4,1,4.2,39.72,
DB09149,359.432,12,2,5,1,3.61,52.61,
DB09151,273.32,2,3,3,2,4.16,45.15,
DB09164,449.321,9,1,6,3,0.13,106.94,
DB09167,295.44,3,3,1,0,4.98,3.24,
DB09185,237.299,5,2,4,1,1.71,39.72,
DB09195,405.469,5,5,4,0,3.64,37.19,
DB09205,279.38,7,1,3,0,3.22,38.77,
DB09209,398.495,4,6,6,1,1.09,54.4,
DB09212,246.302,4,2,3,1,2.99,54.37,
DB09213,206.281,4,1,2,1,3.5,37.3,
DB09214,254.281,4,2,3,1,3.29,54.37,
DB09216,261.704,3,2,3,2,4.64,49.33,
DB09219,333.343,2,4,4,3,3.61,78.79,
DB09220,211.177,5,1,5,1,0,94.36,
DB09225,331.86,4,3,2,0,4.74,12.47,
DB09236,455.551,11,2,4,1,5.18,90.93,
DB09237,408.88,10,2,5,2,2.22,99.88,
DB09241,319.85,2,3,3,0,3.61,19.37,
DB09242,241.677,2,2,6,2,1.01,71.43,
DB09256,200.169,1,2,3,1,-0.09,58.64,
DB09274,384.425,5,4,7,1,2.35,100.52,
DB09292,411.498,12,2,4,2,3.9,92.7,
DB09299,476.474,12,3,7,2,1.49,143.48,
DB09327,312.257,1,3,3,1,-0.09,58.64,
DB09332,422.084,4,2,6,0,2.37,144.84,
DB09342,294.395,10,1,4,1,2.89,64.79,
DB09345,293.407,9,2,4,0,3.03,30.93,
DB09350,338.438,13,2,5,0,3.07,46.15,
DB09351,307.434,11,2,4,2,3,50.72,
DB09355,276.311,2,2,4,2,1.69,89.26,
DB09366,447.011,5,1,3,0,2.28,46.61,
DB09371,298.426,0,4,2,1,2.6,37.3,
DB09376,363.521,16,1,2,1,1.59,59.28,
DB09378,378.44,2,4,5,3,1.3,94.83,
DB09383,372.461,2,4,5,2,2.09,91.67,
DB09389,312.453,1,4,2,1,3.25,37.3,
DB09480,299.189,4,1,1,1,3.58,12.03,
DB09488,348.438,6,3,4,1,4.29,53.43,
DB09495,310.393,6,2,3,0,4.98,43.37,
DB09496,290.397,10,1,2,0,5.62,35.53,
DB09555,390.86,7,2,2,0,3.74,16.13,
DB09570,361.03,7,1,6,4,2.82,105.64,
DB11071,214.217,3,2,2,1,3.58,46.53,
DB11073,304.541,15,1,0,0,3.18,3.88,
DB11089,422.577,18,0,5,1,2.48,106.97,
DB11096,275.392,4,2,2,1,4.12,52.32,
DB11102,223.225,4,1,4,3,1.03,86.63,
DB11115,274.29,2,3,4,2,1.03,83.05,
DB11117,184.275,9,0,2,1,3.84,37.3,
DB11148,193.246,5,1,2,1,2.88,52.32,
DB11155,315.58,2,2,1,2,5.1,41.13,
DB11156,206.31,2,2,2,0,2.69,15.6,
DB11157,226.231,0,3,3,2,2.73,57.53,
DB11160,255.361,6,2,2,0,3.51,12.47,
DB11164,324.45,13,0,4,4,1.28,76.66,
DB11180,382.462,19,0,4,0,3.85,36.92,
DB11181,275.348,4,3,3,1,1.91,49.77,
DB11185,308.3,4,2,6,2,0.39,100.9,
DB11186,333.472,11,2,3,0,4.16,38.77,
DB11201,276.376,4,2,2,1,4.24,46.53,
DB11207,248.322,7,1,2,0,4.27,35.53,
DB11219,254.373,1,3,1,0,5.09,17.07,
DB11221,244.246,3,2,4,2,3.15,66.76,
DB11235,286.379,7,2,5,0,2.4,41.49,
DB11244,370.77,0,1,5,0,4.08,46.15,
DB11254,194.27,5,1,2,2,3.77,40.46,
DB11255,418.3,9,3,6,0,2.9,117.57,
DB11263,390.388,5,3,8,6,0.65,139.84,
DB11272,311.466,14,0,2,1,4.46,55.4,
DB11278,179.263,3,1,2,1,1.73,23.47,
DB11282,191.269,3,1,1,0,2.1,20.31,
DB11285,222.237,5,1,3,1,2.6,55.76,
DB11299,210.269,6,1,3,1,2.78,38.69,
DB11323,182.175,4,1,3,2,0.89,66.76,
DB11327,252.31,3,2,2,0,0.5,53.88,
DB11328,294.45,11,0,3,1,1.98,63.6,
DB11336,215.211,3,3,4,2,0.96,79.63,
DB11560,404.28,4,4,4,1,3.42,68.01,
DB11570,277.408,9,1,2,0,5.11,29.54,
DB11577,422.389,2,4,10,4,-0.94,166.94,
DB11584,267.372,3,3,2,2,3.36,32.26,
DB11587,193.29,4,1,2,1,2.07,23.47,
DB11590,404.81,4,1,2,0,2.58,40.13,
DB11594,334.567,15,1,1,0,3.1,9.23,
DB11609,295.426,7,2,2,0,3.84,20.31,
DB11610,181.235,3,1,3,3,-0.13,52.49,
DB11619,308.414,1,4,2,1,3.39,37.3,
DB11622,402.531,4,4,5,1,3.37,88.51,
DB11629,435.89,5,4,4,1,3.58,76.37,
DB11632,413.17,3,3,7,2,3.28,149.46,
DB11633,437.47,6,4,5,1,3.46,87.62,
DB11636,328.452,1,4,3,1,2.53,54.37,
DB11642,295.85,8,2,2,0,4.47,12.47,
DB11644,308.116,2,3,3,1,3.91,63.33,
DB11672,368.38,8,2,6,2,3.62,93.06,
DB11699,284.353,3,4,2,1,3.14,45.33,
DB11730,434.548,5,5,7,2,2.5,91.21,
DB11732,377.367,4,3,4,1,2.76,62.3,
DB11738,180.251,3,3,3,1,1.43,33.62,
DB11750,410.907,2,4,4,2,2.72,74.6,
DB11757,384.436,6,3,5,0,2.82,76.9,
DB11760,380.359,2,5,5,2,2.93,84.2,
DB11768,314.16,5,1,0,1,4.47,30.49,
DB11791,412.428,4,5,5,1,3.04,85.07,
DB11793,320.396,3,4,3,2,2.45,72.94,
DB11799,449.386,3,5,6,2,1.28,99.18,
DB11817,371.42,4,4,6,1,1.08,120.56,
DB11823,237.73,2,2,2,1,2.69,29.1,
DB11827,436.89,6,4,7,4,2.21,108.61,
DB11859,318.493,1,4,2,1,4.28,37.3,
DB11901,477.44,4,4,4,1,3.05,89.33,
DB11915,418.578,8,3,5,1,3.63,74.02,
DB11921,441.524,4,5,5,1,2.56,102.26,
DB11942,443.313,7,3,6,2,2.85,97.62,
DB11943,440.76,3,4,8,3,1.67,119.99,
DB11951,410.425,6,4,5,1,3.39,77,
DB11952,416.87,4,5,5,2,3.91,86.8,
DB11963,469.939,7,4,6,2,4.88,79.38,
DB11967,441.233,6,3,5,3,3,88.41,
DB11978,374.448,3,4,4,3,2.68,96.84,
DB11989,260.253,5,2,4,1,0.92,90.06,
DB11994,368.297,5,3,6,1,2.14,124.04,
DB12015,441.47,5,3,4,2,2.76,101.21,
DB12020,376.335,3,5,3,1,2.03,66.48,
DB12107,297.13,5,2,5,3,1.02,95.86,
DB12130,406.421,0,4,6,1,2.01,110.06,
DB12161,323.466,4,3,4,0,3.23,38.77,
DB12243,174.203,1,2,2,0,0.53,32.67,
DB12278,367.481,8,3,3,0,4.16,38.77,
DB12293,253.345,1,3,2,0,3.16,12.47,
DB12300,199.209,2,2,2,0,3.83,45.82,
DB12301,425.749,5,3,5,1,3.51,98.03,
DB12313,356.502,13,2,4,4,3.75,64.52,
DB12328,196.202,0,3,3,0,1.1,52.6,
DB12332,323.371,3,4,2,3,2.39,56.92,
DB12343,414.45,6,3,7,3,1.13,133.24,
DB12401,420.322,6,3,3,1,3.78,40.54,
DB12474,284.443,0,4,1,1,4,20.23,
DB12523,432.503,5,5,5,1,3.51,65.76,
DB12554,429.557,14,2,5,0,4.87,57.23,
DB12667,180.27,3,1,2,2,2.38,36.74,
DB12710,339.5,4,4,3,0,4.19,9.72,
DB12728,273.464,5,2,1,0,6.32,3.24,
DB12789,354.487,12,1,5,4,3.11,97.99,
DB12792,343.207,3,3,2,1,4.91,41.99,
DB12834,185.183,3,1,4,1,0.25,83.87,
DB12867,381.451,6,4,4,1,3.6,58.36,
DB12911,223.272,8,1,3,0,1.99,48.42,
DB12924,363.417,4,4,6,2,2.76,82.53,
DB12938,359.32,5,3,4,0,2.75,77.24,
DB12941,398.85,6,3,5,3,3,119.62,
DB12945,190.21,0,2,6,4,-0.16,100.82,
DB12952,372.461,2,4,5,2,2.24,91.67,
DB12954,302.29,4,3,6,2,0.17,101.38,
DB12978,417.82,6,4,4,2,4.64,66.49,
DB13063,248.317,0,3,2,0,3.03,38.83,
DB13114,293.41,3,3,1,0,1.79,26.88,
DB13136,240.233,1,3,2,0,3.09,34.14,
DB13139,239.311,5,1,4,4,0.44,72.72,
DB13153,222.372,4,1,1,1,4.76,20.23,
DB13157,330.41,14,0,4,0,4.49,83.5,
DB13158,408.89,2,4,4,1,2.88,71.44,
DB13163,190.283,1,1,2,2,1.85,40.46,
DB13166,429.55,8,3,4,1,3.64,74.68,
DB13167,226.66,5,1,3,1,3.01,46.53,
DB13211,207.233,2,2,5,3,0.1,80.36,
DB13213,409.59,7,4,4,0,4.34,26.79,
DB13216,245.326,6,2,3,0,2.7,42.16,
DB13219,257.333,6,2,3,0,3.05,21.7,
DB13221,184.239,4,0,2,2,0.83,72.19,
DB13222,238.084,0,2,2,1,3.11,33.12,
DB13225,295.386,3,3,3,0,2.33,26.79,
DB13228,239.26,1,2,3,0,1.13,37.38,
DB13245,240.433,3,0,0,0,2.18,6.48,
DB13246,304.437,1,5,2,0,4.49,6.48,
DB13247,269.389,7,1,3,1,1.17,52.65,
DB13248,403.43,5,3,6,3,2.22,125.46,
DB13253,226.232,4,1,4,3,-0.13,95.5,
DB13256,343.87,0,4,3,0,4.1,18.84,
DB13258,427.28,10,2,4,0,4.4,81.91,
DB13262,169.224,2,2,2,0,0.9,29.54,
DB13267,286.33,9,0,6,3,0.02,111.9,
DB13268,275.09,2,1,5,4,-0.15,106.86,
DB13273,354.47,7,2,5,1,1.65,75.71,
DB13278,223.272,5,1,3,2,1.39,58.56,
DB13279,361.438,10,2,4,0,3.55,65.07,
DB13282,304.541,13,1,0,0,2.79,0,
DB13284,275.34,1,2,4,1,0.2,94.3,
DB13286,326.396,8,2,4,2,2.95,69.64,
DB13288,280.412,6,3,3,1,2.43,41.57,
DB13292,293.43,0,4,1,0,4.88,3.24,
DB13306,228.07,0,2,2,1,3.82,33.12,
DB13337,364.42,5,3,5,2,2.22,95.94,
DB13346,223.272,6,1,3,2,2.09,58.56,
DB13501,282.299,5,3,4,1,2.89,64.35,
DB13520,403.526,5,5,2,1,,46.5,
DB13532,379.87,3,3,5,3,1.88,118.36,
DB13583,182.219,4,1,3,2,0.96,49.69,
DB13624,179.259,4,1,2,1,2.13,21.26,
DB13628,166.174,3,1,2,1,2.76,46.53,
DB13657,313.309,6,2,3,1,2.62,81.7,
DB13680,215.212,1,2,3,2,1.2,84.55,
DB13720,278.418,2,3,0,0,-0.4,0,
DB13783,415.83,7,3,5,1,3.71,94.83,
DB13801,272.13,2,2,3,1,1.63,58.69,
DB13851,312.406,2,4,5,0,3.52,46.15,
DB13853,240.35,2,2,1,0,3.58,9.23,
DB13858,293.43,7,2,4,0,3.57,28.6,
DB13867,444.51,3,4,4,2,2.69,74.6,
DB13872,335.185,1,3,3,1,2.92,52.9,
DB13873,318.75,5,2,4,1,3.97,63.6,
DB13874,473.383,8,3,8,3,4.25,108.74,
DB13908,178.275,4,1,1,1,4.33,20.23,
DB13952,314.419,2,4,2,1,3.91,46.53,
DB13970,270.524,14,0,0,0,2.78,0,
DB14006,241.287,3,1,3,1,-0.5,60.36,
DB14018,259.063,0,2,3,1,0.23,69.3,
DB14020,212.244,3,2,2,1,2.64,37.3,
DB14033,309.34,2,2,5,1,1.02,106.5,
DB14083,340.413,8,4,4,0,4.67,43.52,
DB14084,194.227,5,1,2,1,3.81,46.53,
DB14086,290.268,1,3,6,5,1.02,110.38,
DB14120,214.264,2,2,2,2,3.02,40.46,
DB14174,320.55,3,2,0,0,3.78,6.48,
DB14175,202.292,6,1,1,0,3.93,17.07,
DB14176,228.247,4,2,2,1,3.66,46.53,
DB14177,180.201,4,1,2,1,3.28,46.53,
DB14178,208.36,2,0,0,0,1.32,6.48,
DB14187,172.265,6,0,2,1,2.5,37.3,
DB14188,164.204,2,1,2,1,2.79,29.46,
DB14191,211.268,2,2,3,3,2.67,47.91,
DB14193,365.94,4,2,2,4,2.52,6.48,
DB14195,226.323,4,2,2,2,4.22,24.06,
DB14196,266.388,4,3,2,2,5.76,24.06,
DB14200,264.41,3,3,2,1,3.98,24.92,
DB14202,252.35,2,3,3,0,2.43,25.36,
DB14203,335.38,7,2,7,1,3.63,106.9,
DB14529,418.305,3,3,3,0,2.08,53.02,
DB14539,404.497,4,4,5,2,2.31,100.9,
DB14540,432.557,6,4,5,2,3.21,100.9,
DB14542,442.445,4,4,7,4,0.99,141.36,
DB14544,446.576,7,4,5,2,3.62,100.9,
DB14545,462.539,7,4,7,3,2.17,138.2,
DB14569,370.344,4,4,7,1,0.95,106.26,
DB14575,254.284,0,3,2,2,1.26,66.56,
DB14583,370.489,3,4,3,0,2.52,60.44,
DB00873,394.889,3,4,4,2,2.2,83.83,
DB14627,401.418,6,4,3,1,4.19,81.7,
DB14631,440.429,4,4,7,4,0.92,141.36,
DB14638,328.147,5,2,2,0,3.33,59.75,
DB14643,472.578,7,4,5,1,2.92,106.97,
DB14644,474.55,7,4,7,3,2.43,138.2,
DB14646,400.471,4,4,5,1,2.25,97.74,
DB14649,434.498,4,4,5,2,2.6,100.9,
DB14650,334.156,4,2,6,4,0.84,133.52,
DB14655,360.538,3,4,2,0,4.76,43.37,
DB14656,245.66,6,1,3,2,0.96,81.78,
DB14657,434.504,4,4,5,2,1.98,100.9,
DB14669,472.446,4,4,7,4,1.21,141.36,
DB14677,414.586,7,4,3,0,4.46,60.44,
DB14723,428.444,3,5,5,2,2.07,86,
DB14753,280.331,4,2,5,5,1.44,119.97,
DB14754,194.234,5,1,2,2,0.62,78.34,
DB14763,251.715,1,2,5,2,1.06,80,
DB14783,255.226,7,1,4,0,-0.08,89.98,
DB14975,337.379,6,3,5,1,3.02,77.24,
DB15091,380.375,4,4,3,2,2.57,78.32,
DB15465,403.478,4,6,4,0,,48,
DB15467,250.294,8,1,3,0,2.87,44.76,
DB15477,418.398,3,4,9,7,-0.49,167.91,
DB15534,385.416,4,3,6,2,0.98,94.09,
DB15566,402.481,4,4,5,2,2.17,100.9,
DB15576,166.174,3,1,2,1,2.76,46.53,